club_name,player_name,age,position,club_involved_name,fee,transfer_movement,transfer_period,fee_cleaned,league_name,year,season
Bayern Munich,Dayot Upamecano,22,Centre-Back,RB Leipzig,£38.25m,in,Summer,38.25,1 Bundesliga,2021,2021/2022
Bayern Munich,Marcel Sabitzer,27,Central Midfield,RB Leipzig,£13.50m,in,Summer,13.5,1 Bundesliga,2021,2021/2022
Bayern Munich,Omar Richards,23,Left-Back,Reading,free transfer,in,Summer,NA,1 Bundesliga,2021,2021/2022
Bayern Munich,Sven Ulreich,33,Goalkeeper,Hamburger SV,free transfer,in,Summer,NA,1 Bundesliga,2021,2021/2022
Bayern Munich,Josip Stanisic,21,Right-Back,FC Bayern II,-,in,Summer,0,1 Bundesliga,2021,2021/2022
Bayern Munich,Joshua Zirkzee,20,Centre-Forward,Parma,"End of loanJun 30, 2021",in,Summer,0,1 Bundesliga,2021,2021/2022
Bayern Munich,Chris Richards,21,Centre-Back,TSG Hoffenheim,"End of loanJun 30, 2021",in,Summer,0,1 Bundesliga,2021,2021/2022
Bayern Munich,Adrian Fein,22,Defensive Midfield,PSV Eindhoven,"End of loanJun 30, 2021",in,Summer,0,1 Bundesliga,2021,2021/2022
Bayern Munich,Michaël Cuisance,22,Central Midfield,Marseille,"End of loanJun 30, 2021",in,Summer,0,1 Bundesliga,2021,2021/2022
Bayern Munich,Christian Früchtl,21,Goalkeeper,1.FC Nuremberg,"End of loanJun 30, 2021",in,Summer,0,1 Bundesliga,2021,2021/2022
Bayern Munich,Lars Lukas Mai,21,Centre-Back,SV Darmstadt 98,"End of loanJun 30, 2021",in,Summer,0,1 Bundesliga,2021,2021/2022
Bayern Munich,David Alaba,29,Centre-Back,Real Madrid,free transfer,out,Summer,NA,1 Bundesliga,2021,2021/2022
Bayern Munich,Javi Martínez,32,Defensive Midfield,Qatar SC,free transfer,out,Summer,NA,1 Bundesliga,2021,2021/2022
Bayern Munich,Ron-Thorben Hoffmann,22,Goalkeeper,Sunderland,loan transfer,out,Summer,NA,1 Bundesliga,2021,2021/2022
Bayern Munich,Chris Richards,21,Centre-Back,TSG Hoffenheim,loan transfer,out,Summer,NA,1 Bundesliga,2021,2021/2022
Bayern Munich,Joshua Zirkzee,20,Centre-Forward,RSC Anderlecht,loan transfer,out,Summer,NA,1 Bundesliga,2021,2021/2022
Bayern Munich,Adrian Fein,22,Defensive Midfield,Greuther Fürth,loan transfer,out,Summer,NA,1 Bundesliga,2021,2021/2022
Bayern Munich,Alexander Nübel,24,Goalkeeper,Monaco,loan transfer,out,Summer,NA,1 Bundesliga,2021,2021/2022
Bayern Munich,Lars Lukas Mai,21,Centre-Back,Werder Bremen,loan transfer,out,Summer,NA,1 Bundesliga,2021,2021/2022
Bayern Munich,Jérôme Boateng,32,Centre-Back,Without Club,-,out,Summer,0,1 Bundesliga,2021,2021/2022
Bayern Munich,Tiago Dantas,20,Central Midfield,Benfica,"End of loanJun 30, 2021",out,Summer,0,1 Bundesliga,2021,2021/2022
RB Leipzig,André Silva,25,Centre-Forward,E. Frankfurt,£20.70m,in,Summer,20.7,1 Bundesliga,2021,2021/2022
RB Leipzig,Josko Gvardiol,19,Centre-Back,Dinamo Zagreb,£16.92m,in,Summer,16.92,1 Bundesliga,2021,2021/2022
RB Leipzig,Angeliño,24,Left-Back,Man City,£16.20m,in,Summer,16.2,1 Bundesliga,2021,2021/2022
RB Leipzig,Ilaix Moriba,18,Central Midfield,Barcelona B,£14.40m,in,Summer,14.4,1 Bundesliga,2021,2021/2022
RB Leipzig,Benjamin Henrichs,24,Right-Back,Monaco,£13.50m,in,Summer,13.5,1 Bundesliga,2021,2021/2022
RB Leipzig,Mohamed Simakan,21,Centre-Back,R. Strasbourg,£13.50m,in,Summer,13.5,1 Bundesliga,2021,2021/2022
RB Leipzig,Caden Clark,18,Attacking Midfield,Red Bulls,£1.64m,in,Summer,1.64,1 Bundesliga,2021,2021/2022
RB Leipzig,Brian Brobbey,19,Centre-Forward,Ajax U21,free transfer,in,Summer,NA,1 Bundesliga,2021,2021/2022
RB Leipzig,Joscha Wosz,19,Attacking Midfield,RB Leipzig U19,-,in,Summer,0,1 Bundesliga,2021,2021/2022
RB Leipzig,Ben Klefisch,18,Central Midfield,RB Leipzig U19,-,in,Summer,0,1 Bundesliga,2021,2021/2022
RB Leipzig,Sidney Raebiger,16,Central Midfield,RB Leipzig U17,-,in,Summer,0,1 Bundesliga,2021,2021/2022
RB Leipzig,Ademola Lookman,23,Left Winger,Fulham,"End of loanJun 30, 2021",in,Summer,0,1 Bundesliga,2021,2021/2022
RB Leipzig,Hannes Wolf,22,Attacking Midfield,Bor. M'gladbach,"End of loanJun 30, 2021",in,Summer,0,1 Bundesliga,2021,2021/2022
RB Leipzig,Marcelo Saracchi,23,Left-Back,Galatasaray,"End of loanJun 30, 2021",in,Summer,0,1 Bundesliga,2021,2021/2022
RB Leipzig,Dayot Upamecano,22,Centre-Back,FC Bayern,£38.25m,out,Summer,38.25,1 Bundesliga,2021,2021/2022
RB Leipzig,Ibrahima Konaté,22,Centre-Back,Liverpool,£36.00m,out,Summer,36,1 Bundesliga,2021,2021/2022
RB Leipzig,Marcel Sabitzer,27,Central Midfield,FC Bayern,£13.50m,out,Summer,13.5,1 Bundesliga,2021,2021/2022
RB Leipzig,Hannes Wolf,22,Attacking Midfield,Bor. M'gladbach,£8.55m,out,Summer,8.55,1 Bundesliga,2021,2021/2022
RB Leipzig,Lazar Samardzic,19,Attacking Midfield,Udinese Calcio,£2.70m,out,Summer,2.7,1 Bundesliga,2021,2021/2022
RB Leipzig,Alexander Sörloth,25,Centre-Forward,Real Sociedad,Loan fee:£1.80m,out,Summer,1.8,1 Bundesliga,2021,2021/2022
RB Leipzig,Ademola Lookman,23,Left Winger,Leicester,loan transfer,out,Summer,NA,1 Bundesliga,2021,2021/2022
RB Leipzig,Hee-chan Hwang,25,Centre-Forward,Wolves,loan transfer,out,Summer,NA,1 Bundesliga,2021,2021/2022
RB Leipzig,Caden Clark,18,Attacking Midfield,Red Bulls,loan transfer,out,Summer,NA,1 Bundesliga,2021,2021/2022
RB Leipzig,Fabrice Hartmann,20,Right Winger,SC Paderborn,loan transfer,out,Summer,NA,1 Bundesliga,2021,2021/2022
RB Leipzig,Justin Kluivert,22,Left Winger,AS Roma,"End of loanJun 30, 2021",out,Summer,0,1 Bundesliga,2021,2021/2022
RB Leipzig,Angeliño,24,Left-Back,Man City,"End of loanJun 30, 2021",out,Summer,0,1 Bundesliga,2021,2021/2022
RB Leipzig,Benjamin Henrichs,24,Right-Back,Monaco,"End of loanJun 30, 2021",out,Summer,0,1 Bundesliga,2021,2021/2022
Borussia Dortmund,Donyell Malen,22,Centre-Forward,PSV Eindhoven,£27.00m,in,Summer,27,1 Bundesliga,2021,2021/2022
Borussia Dortmund,Gregor Kobel,23,Goalkeeper,VfB Stuttgart,£13.50m,in,Summer,13.5,1 Bundesliga,2021,2021/2022
Borussia Dortmund,Soumaïla Coulibaly,17,Centre-Back,Paris SG U19,free transfer,in,Summer,NA,1 Bundesliga,2021,2021/2022
Borussia Dortmund,Abdoulaye Kamara,16,Defensive Midfield,Paris SG U19,free transfer,in,Summer,NA,1 Bundesliga,2021,2021/2022
Borussia Dortmund,Marin Pongracic,23,Centre-Back,VfL Wolfsburg,loan transfer,in,Summer,NA,1 Bundesliga,2021,2021/2022
Borussia Dortmund,Ansgar Knauff,19,Left Winger,B. Dortmund II,-,in,Summer,0,1 Bundesliga,2021,2021/2022
Borussia Dortmund,Jeremy Toljan,27,Right-Back,Sassuolo,"End of loanJun 30, 2021",in,Summer,0,1 Bundesliga,2021,2021/2022
Borussia Dortmund,Marius Wolf,26,Right Winger,1. FC Köln,"End of loanJun 30, 2021",in,Summer,0,1 Bundesliga,2021,2021/2022
Borussia Dortmund,Immanuel Pherai,20,Attacking Midfield,PEC Zwolle,"End of loanJun 30, 2021",in,Summer,0,1 Bundesliga,2021,2021/2022
Borussia Dortmund,Sergio Gómez,20,Left-Back,SD Huesca,"End of loanJun 30, 2021",in,Summer,0,1 Bundesliga,2021,2021/2022
Borussia Dortmund,Leonardo Balerdi,22,Centre-Back,Marseille,"End of loanJun 30, 2021",in,Summer,0,1 Bundesliga,2021,2021/2022
Borussia Dortmund,Jadon Sancho,21,Right Winger,Man Utd,£76.50m,out,Summer,76.5,1 Bundesliga,2021,2021/2022
Borussia Dortmund,Leonardo Balerdi,22,Centre-Back,Marseille,£9.90m,out,Summer,9.9,1 Bundesliga,2021,2021/2022
Borussia Dortmund,Thomas Delaney,29,Defensive Midfield,Sevilla FC,£5.40m,out,Summer,5.4,1 Bundesliga,2021,2021/2022
Borussia Dortmund,Jeremy Toljan,27,Right-Back,Sassuolo,£3.15m,out,Summer,3.15,1 Bundesliga,2021,2021/2022
Borussia Dortmund,Sergio Gómez,20,Left-Back,RSC Anderlecht,£2.03m,out,Summer,2.03,1 Bundesliga,2021,2021/2022
Borussia Dortmund,Lukasz Piszczek,36,Right-Back,Goczalkowice,free transfer,out,Summer,NA,1 Bundesliga,2021,2021/2022
Borussia Dortmund,Immanuel Pherai,20,Attacking Midfield,B. Dortmund II,-,out,Summer,0,1 Bundesliga,2021,2021/2022
VfL Wolfsburg,Sebastiaan Bornauw,22,Centre-Back,1. FC Köln,£12.15m,in,Summer,12.15,1 Bundesliga,2021,2021/2022
VfL Wolfsburg,Luca Waldschmidt,25,Second Striker,Benfica,£10.80m,in,Summer,10.8,1 Bundesliga,2021,2021/2022
VfL Wolfsburg,Aster Vranckx,18,Central Midfield,KV Mechelen,£7.20m,in,Summer,7.2,1 Bundesliga,2021,2021/2022
VfL Wolfsburg,Lukas Nmecha,22,Centre-Forward,Man City,£7.20m,in,Summer,7.2,1 Bundesliga,2021,2021/2022
VfL Wolfsburg,Maximilian Philipp,27,Second Striker,Dynamo Moscow,£6.75m,in,Summer,6.75,1 Bundesliga,2021,2021/2022
VfL Wolfsburg,Micky van de Ven,20,Centre-Back,FC Volendam,£3.15m,in,Summer,3.15,1 Bundesliga,2021,2021/2022
VfL Wolfsburg,Felix Nmecha,20,Attacking Midfield,Man City U23,free transfer,in,Summer,NA,1 Bundesliga,2021,2021/2022
VfL Wolfsburg,Yun-sang Hong,19,Left Winger,Pohang Steelers,?,in,Summer,NA,1 Bundesliga,2021,2021/2022
VfL Wolfsburg,Dodi Lukébakio,23,Right Winger,Hertha BSC,loan transfer,in,Summer,NA,1 Bundesliga,2021,2021/2022
VfL Wolfsburg,Ulysses Llanez,20,Left Winger,Wolfsburg II,-,in,Summer,0,1 Bundesliga,2021,2021/2022
VfL Wolfsburg,Jannis Lang,19,Centre-Back,Wolfsburg II,-,in,Summer,0,1 Bundesliga,2021,2021/2022
VfL Wolfsburg,Bryang Kayo,19,Central Midfield,Wolfsburg II,-,in,Summer,0,1 Bundesliga,2021,2021/2022
VfL Wolfsburg,Philipp Schulze,18,Goalkeeper,Wolfsburg U19,-,in,Summer,0,1 Bundesliga,2021,2021/2022
VfL Wolfsburg,Dominik Marx,21,Central Midfield,Wolfsburg II,-,in,Summer,0,1 Bundesliga,2021,2021/2022
VfL Wolfsburg,Marcel Beifus,18,Centre-Back,Wolfsburg II,-,in,Summer,0,1 Bundesliga,2021,2021/2022
VfL Wolfsburg,Anselmo García McNulty,18,Centre-Back,Wolfsburg U19,-,in,Summer,0,1 Bundesliga,2021,2021/2022
VfL Wolfsburg,Kobe Hernández-Foster,19,Left-Back,Wolfsburg U19,-,in,Summer,0,1 Bundesliga,2021,2021/2022
VfL Wolfsburg,William,26,Right-Back,FC Schalke 04,"End of loanJun 30, 2021",in,Summer,0,1 Bundesliga,2021,2021/2022
VfL Wolfsburg,Felix Klaus,28,Right Winger,F. Düsseldorf,"End of loanJun 30, 2021",in,Summer,0,1 Bundesliga,2021,2021/2022
VfL Wolfsburg,Omar Marmoush,22,Centre-Forward,FC St. Pauli,"End of loanJun 30, 2021",in,Summer,0,1 Bundesliga,2021,2021/2022
VfL Wolfsburg,Marvin Stefaniak,26,Attacking Midfield,Dynamo Dresden,"End of loanJun 30, 2021",in,Summer,0,1 Bundesliga,2021,2021/2022
VfL Wolfsburg,Elvis Rexhbecaj,23,Central Midfield,1. FC Köln,"End of loanJun 30, 2021",in,Summer,0,1 Bundesliga,2021,2021/2022
VfL Wolfsburg,Felix Klaus,28,Right Winger,F. Düsseldorf,£990Th.,out,Summer,0.99,1 Bundesliga,2021,2021/2022
VfL Wolfsburg,Josip Brekalo,23,Left Winger,Torino,Loan fee:£900Th.,out,Summer,0.9,1 Bundesliga,2021,2021/2022
VfL Wolfsburg,Jeffrey Bruma,29,Centre-Back,Kasimpasa,free transfer,out,Summer,NA,1 Bundesliga,2021,2021/2022
VfL Wolfsburg,Ulysses Llanez,20,Left Winger,SKN St. Pölten,loan transfer,out,Summer,NA,1 Bundesliga,2021,2021/2022
VfL Wolfsburg,Lino Kasten,20,Goalkeeper,SKN St. Pölten,loan transfer,out,Summer,NA,1 Bundesliga,2021,2021/2022
VfL Wolfsburg,João Victor,27,Left Winger,Al-Jazira,?,out,Summer,NA,1 Bundesliga,2021,2021/2022
VfL Wolfsburg,Marcel Beifus,18,Centre-Back,FC St. Pauli,?,out,Summer,NA,1 Bundesliga,2021,2021/2022
VfL Wolfsburg,Tim Siersleben,21,Centre-Back,1.FC Heidenheim,loan transfer,out,Summer,NA,1 Bundesliga,2021,2021/2022
VfL Wolfsburg,Elvis Rexhbecaj,23,Central Midfield,VfL Bochum,loan transfer,out,Summer,NA,1 Bundesliga,2021,2021/2022
VfL Wolfsburg,Bryang Kayo,19,Central Midfield,Viktoria Berlin,loan transfer,out,Summer,NA,1 Bundesliga,2021,2021/2022
VfL Wolfsburg,Omar Marmoush,22,Centre-Forward,VfB Stuttgart,loan transfer,out,Summer,NA,1 Bundesliga,2021,2021/2022
VfL Wolfsburg,Marin Pongracic,23,Centre-Back,Bor. Dortmund,loan transfer,out,Summer,NA,1 Bundesliga,2021,2021/2022
VfL Wolfsburg,Yun-sang Hong,19,Left Winger,SKN St. Pölten,loan transfer,out,Summer,NA,1 Bundesliga,2021,2021/2022
VfL Wolfsburg,Dominik Marx,21,Central Midfield,Without Club,-,out,Summer,0,1 Bundesliga,2021,2021/2022
VfL Wolfsburg,Kobe Hernández-Foster,19,Left-Back,Without Club,-,out,Summer,0,1 Bundesliga,2021,2021/2022
VfL Wolfsburg,Maximilian Philipp,27,Second Striker,Dynamo Moscow,"End of loanJun 30, 2021",out,Summer,0,1 Bundesliga,2021,2021/2022
Eintracht Frankfurt,Jesper Lindström,21,Attacking Midfield,Bröndby IF,£6.30m,in,Summer,6.3,1 Bundesliga,2021,2021/2022
Eintracht Frankfurt,Igor Matanovic,18,Centre-Forward,FC St. Pauli,£450Th.,in,Summer,0.45,1 Bundesliga,2021,2021/2022
Eintracht Frankfurt,Jens Grahl,32,Goalkeeper,VfB Stuttgart,£225Th.,in,Summer,0.225,1 Bundesliga,2021,2021/2022
Eintracht Frankfurt,Rafael Borré,25,Centre-Forward,River Plate,free transfer,in,Summer,NA,1 Bundesliga,2021,2021/2022
Eintracht Frankfurt,Fabio Blanco,17,Right Winger,Valencia U19,free transfer,in,Summer,NA,1 Bundesliga,2021,2021/2022
Eintracht Frankfurt,Christopher Lenz,26,Left-Back,Union Berlin,free transfer,in,Summer,NA,1 Bundesliga,2021,2021/2022
Eintracht Frankfurt,Diant Ramaj,19,Goalkeeper,1.FC Heidenheim,?,in,Summer,NA,1 Bundesliga,2021,2021/2022
Eintracht Frankfurt,Enrique Herrero García,16,Centre-Forward,Villarreal Yth.,?,in,Summer,NA,1 Bundesliga,2021,2021/2022
Eintracht Frankfurt,Jens Petter Hauge,21,Left Winger,AC Milan,loan transfer,in,Summer,NA,1 Bundesliga,2021,2021/2022
Eintracht Frankfurt,Kristijan Jakic,24,Defensive Midfield,Dinamo Zagreb,loan transfer,in,Summer,NA,1 Bundesliga,2021,2021/2022
Eintracht Frankfurt,Sam Lammers,24,Centre-Forward,Atalanta BC,loan transfer,in,Summer,NA,1 Bundesliga,2021,2021/2022
Eintracht Frankfurt,Martin Pecar,19,Left Winger,Frankfurt U19,-,in,Summer,0,1 Bundesliga,2021,2021/2022
Eintracht Frankfurt,Gianluca Schäfer,18,Left Winger,Frankfurt U19,-,in,Summer,0,1 Bundesliga,2021,2021/2022
Eintracht Frankfurt,Jan Schröder,18,Left-Back,Frankfurt U19,-,in,Summer,0,1 Bundesliga,2021,2021/2022
Eintracht Frankfurt,Danny da Costa,28,Right-Back,1.FSV Mainz 05,"End of loanJun 30, 2021",in,Summer,0,1 Bundesliga,2021,2021/2022
Eintracht Frankfurt,Frederik Rönnow,29,Goalkeeper,FC Schalke 04,"End of loanJun 30, 2021",in,Summer,0,1 Bundesliga,2021,2021/2022
Eintracht Frankfurt,Gonçalo Paciência,27,Centre-Forward,FC Schalke 04,"End of loanJun 30, 2021",in,Summer,0,1 Bundesliga,2021,2021/2022
Eintracht Frankfurt,Nils Stendera,20,Central Midfield,Lok Leipzig,"End of loanJun 30, 2021",in,Summer,0,1 Bundesliga,2021,2021/2022
Eintracht Frankfurt,Dejan Joveljic,22,Centre-Forward,Wolfsberger AC,"End of loanJun 30, 2021",in,Summer,0,1 Bundesliga,2021,2021/2022
Eintracht Frankfurt,Rodrigo Zalazar,22,Central Midfield,FC St. Pauli,"End of loanJun 30, 2021",in,Summer,0,1 Bundesliga,2021,2021/2022
Eintracht Frankfurt,André Silva,25,Centre-Forward,RB Leipzig,£20.70m,out,Summer,20.7,1 Bundesliga,2021,2021/2022
Eintracht Frankfurt,Dejan Joveljic,22,Centre-Forward,LA Galaxy,£3.15m,out,Summer,3.15,1 Bundesliga,2021,2021/2022
Eintracht Frankfurt,Frederik Rönnow,29,Goalkeeper,Union Berlin,£900Th.,out,Summer,0.9,1 Bundesliga,2021,2021/2022
Eintracht Frankfurt,Jabez Makanda,20,Centre-Forward,FK Pirmasens,free transfer,out,Summer,NA,1 Bundesliga,2021,2021/2022
Eintracht Frankfurt,Yannick Brugger,20,Centre-Back,Admira Wacker,free transfer,out,Summer,NA,1 Bundesliga,2021,2021/2022
Eintracht Frankfurt,Jetro Willems,27,Left-Back,Greuther Fürth,free transfer,out,Summer,NA,1 Bundesliga,2021,2021/2022
Eintracht Frankfurt,Igor Matanovic,18,Centre-Forward,FC St. Pauli,loan transfer,out,Summer,NA,1 Bundesliga,2021,2021/2022
Eintracht Frankfurt,Nils Stendera,20,Central Midfield,Hessen Kassel,?,out,Summer,NA,1 Bundesliga,2021,2021/2022
Eintracht Frankfurt,Felix Irorere,19,Centre-Back,Karlsruher SC,?,out,Summer,NA,1 Bundesliga,2021,2021/2022
Eintracht Frankfurt,Steven Zuber,30,Left Midfield,AEK Athens,loan transfer,out,Summer,NA,1 Bundesliga,2021,2021/2022
Eintracht Frankfurt,Fynn Otto,19,Centre-Back,Hallescher FC,loan transfer,out,Summer,NA,1 Bundesliga,2021,2021/2022
Eintracht Frankfurt,Ali Akman,19,Centre-Forward,NEC Nijmegen,loan transfer,out,Summer,NA,1 Bundesliga,2021,2021/2022
Eintracht Frankfurt,Rodrigo Zalazar,22,Central Midfield,FC Schalke 04,loan transfer,out,Summer,NA,1 Bundesliga,2021,2021/2022
Eintracht Frankfurt,Lukas Fahrnberger,20,Defensive Midfield,Without Club,-,out,Summer,0,1 Bundesliga,2021,2021/2022
Eintracht Frankfurt,Elias Bördner,19,Goalkeeper,Viktoria Köln,loan transfer,out,Summer,NA,1 Bundesliga,2021,2021/2022
Eintracht Frankfurt,Luka Jovic,23,Centre-Forward,Real Madrid,"End of loanJun 30, 2021",out,Summer,0,1 Bundesliga,2021,2021/2022
Eintracht Frankfurt,Markus Schubert,23,Goalkeeper,FC Schalke 04,"End of loanJun 30, 2021",out,Summer,0,1 Bundesliga,2021,2021/2022
Bayer 04 Leverkusen,Odilon Kossounou,20,Centre-Back,Club Brugge,£20.70m,in,Summer,20.7,1 Bundesliga,2021,2021/2022
Bayer 04 Leverkusen,Amine Adli,21,Second Striker,Toulouse,£6.75m,in,Summer,6.75,1 Bundesliga,2021,2021/2022
Bayer 04 Leverkusen,Mitchel Bakker,21,Left-Back,Paris SG,£6.30m,in,Summer,6.3,1 Bundesliga,2021,2021/2022
Bayer 04 Leverkusen,Robert Andrich,26,Central Midfield,Union Berlin,£5.85m,in,Summer,5.85,1 Bundesliga,2021,2021/2022
Bayer 04 Leverkusen,Piero Hincapié,19,Centre-Back,CA Talleres,£5.72m,in,Summer,5.72,1 Bundesliga,2021,2021/2022
Bayer 04 Leverkusen,Zidan Sertdemir,16,Central Midfield,Nordsjaell. U19,£2.25m,in,Summer,2.25,1 Bundesliga,2021,2021/2022
Bayer 04 Leverkusen,Andrey Lunev,29,Goalkeeper,Zenit S-Pb,free transfer,in,Summer,NA,1 Bundesliga,2021,2021/2022
Bayer 04 Leverkusen,Yannik Schlößer,19,Right Winger,Leverkusen U19,-,in,Summer,0,1 Bundesliga,2021,2021/2022
Bayer 04 Leverkusen,Panagiotis Retsos,23,Centre-Back,Saint-Étienne,"End of loanJun 30, 2021",in,Summer,0,1 Bundesliga,2021,2021/2022
Bayer 04 Leverkusen,Joel Pohjanpalo,26,Centre-Forward,Union Berlin,"End of loanJun 30, 2021",in,Summer,0,1 Bundesliga,2021,2021/2022
Bayer 04 Leverkusen,Leon Bailey,24,Left Winger,Aston Villa,£28.80m,out,Summer,28.8,1 Bundesliga,2021,2021/2022
Bayer 04 Leverkusen,Tin Jedvaj,25,Centre-Back,Loko Moscow,£3.60m,out,Summer,3.6,1 Bundesliga,2021,2021/2022
Bayer 04 Leverkusen,Wendell,28,Left-Back,FC Porto,£3.60m,out,Summer,3.6,1 Bundesliga,2021,2021/2022
Bayer 04 Leverkusen,Demarai Gray,25,Left Winger,Everton,£1.80m,out,Summer,1.8,1 Bundesliga,2021,2021/2022
Bayer 04 Leverkusen,Cem Türkmen,19,Central Midfield,Clermont Foot,free transfer,out,Summer,NA,1 Bundesliga,2021,2021/2022
Bayer 04 Leverkusen,Aleksandar Dragovic,30,Centre-Back,Red Star,free transfer,out,Summer,NA,1 Bundesliga,2021,2021/2022
Bayer 04 Leverkusen,Sven Bender,32,Defensive Midfield,TSV Brannenburg,free transfer,out,Summer,NA,1 Bundesliga,2021,2021/2022
Bayer 04 Leverkusen,Lars Bender,32,Defensive Midfield,TSV Brannenburg,free transfer,out,Summer,NA,1 Bundesliga,2021,2021/2022
Bayer 04 Leverkusen,Yannik Schlößer,19,Right Winger,Nuremberg II,loan transfer,out,Summer,NA,1 Bundesliga,2021,2021/2022
Bayer 04 Leverkusen,Mitchell Weiser,27,Right-Back,Werder Bremen,loan transfer,out,Summer,NA,1 Bundesliga,2021,2021/2022
Bayer 04 Leverkusen,Lennart Grill,22,Goalkeeper,Brann,loan transfer,out,Summer,NA,1 Bundesliga,2021,2021/2022
Bayer 04 Leverkusen,Santiago Arias,29,Right-Back,Atlético Madrid,"End of loanJun 30, 2021",out,Summer,0,1 Bundesliga,2021,2021/2022
1.FC Union Berlin,Taiwo Awoniyi,24,Centre-Forward,Liverpool,£5.85m,in,Summer,5.85,1 Bundesliga,2021,2021/2022
1.FC Union Berlin,Tymoteusz Puchacz,22,Left-Back,Lech Poznan,£2.25m,in,Summer,2.25,1 Bundesliga,2021,2021/2022
1.FC Union Berlin,Leon Dajaku,20,Second Striker,FC Bayern II,£900Th.,in,Summer,0.9,1 Bundesliga,2021,2021/2022
1.FC Union Berlin,Kevin Möhwald,28,Central Midfield,Werder Bremen,£900Th.,in,Summer,0.9,1 Bundesliga,2021,2021/2022
1.FC Union Berlin,Frederik Rönnow,29,Goalkeeper,E. Frankfurt,£900Th.,in,Summer,0.9,1 Bundesliga,2021,2021/2022
1.FC Union Berlin,Keita Endo,23,Left Winger,Yokohama F. M.,£810Th.,in,Summer,0.81,1 Bundesliga,2021,2021/2022
1.FC Union Berlin,Julius Kade,22,Central Midfield,Dynamo Dresden,£450Th.,in,Summer,0.45,1 Bundesliga,2021,2021/2022
1.FC Union Berlin,Rick van Drongelen,22,Centre-Back,Hamburger SV,£450Th.,in,Summer,0.45,1 Bundesliga,2021,2021/2022
1.FC Union Berlin,Andreas Voglsammer,29,Centre-Forward,Arm. Bielefeld,free transfer,in,Summer,NA,1 Bundesliga,2021,2021/2022
1.FC Union Berlin,Pawel Wszolek,29,Right Winger,Legia Warszawa,free transfer,in,Summer,NA,1 Bundesliga,2021,2021/2022
1.FC Union Berlin,Kevin Behrens,30,Centre-Forward,SV Sandhausen,free transfer,in,Summer,NA,1 Bundesliga,2021,2021/2022
1.FC Union Berlin,Bastian Oczipka,32,Left-Back,FC Schalke 04,free transfer,in,Summer,NA,1 Bundesliga,2021,2021/2022
1.FC Union Berlin,Levin Öztunali,25,Central Midfield,1.FSV Mainz 05,free transfer,in,Summer,NA,1 Bundesliga,2021,2021/2022
1.FC Union Berlin,Paul Jaeckel,23,Centre-Back,Greuther Fürth,free transfer,in,Summer,NA,1 Bundesliga,2021,2021/2022
1.FC Union Berlin,Rani Khedira,27,Defensive Midfield,FC Augsburg,free transfer,in,Summer,NA,1 Bundesliga,2021,2021/2022
1.FC Union Berlin,Genki Haraguchi,30,Attacking Midfield,Hannover 96,free transfer,in,Summer,NA,1 Bundesliga,2021,2021/2022
1.FC Union Berlin,Timo Baumgartl,25,Centre-Back,PSV Eindhoven,loan transfer,in,Summer,NA,1 Bundesliga,2021,2021/2022
1.FC Union Berlin,Mathis Bruns,17,Centre-Back,U. Berlin U17,-,in,Summer,0,1 Bundesliga,2021,2021/2022
1.FC Union Berlin,Laurenz Dehl,19,Attacking Midfield,Hallescher FC,"End of loanJun 30, 2021",in,Summer,0,1 Bundesliga,2021,2021/2022
1.FC Union Berlin,Nicolai Rapp,24,Defensive Midfield,SV Darmstadt 98,"End of loanJun 30, 2021",in,Summer,0,1 Bundesliga,2021,2021/2022
1.FC Union Berlin,Suleiman Abdullahi,24,Centre-Forward,E. Braunschweig,"End of loanJun 30, 2021",in,Summer,0,1 Bundesliga,2021,2021/2022
1.FC Union Berlin,Robert Andrich,26,Central Midfield,Bay. Leverkusen,£5.85m,out,Summer,5.85,1 Bundesliga,2021,2021/2022
1.FC Union Berlin,Marius Bülter,28,Left Winger,FC Schalke 04,£720Th.,out,Summer,0.72,1 Bundesliga,2021,2021/2022
1.FC Union Berlin,Marcus Ingvartsen,25,Centre-Forward,1.FSV Mainz 05,Loan fee:£540Th.,out,Summer,0.54,1 Bundesliga,2021,2021/2022
1.FC Union Berlin,Julius Kade,22,Central Midfield,Dynamo Dresden,£450Th.,out,Summer,0.45,1 Bundesliga,2021,2021/2022
1.FC Union Berlin,Sebastian Griesbeck,30,Defensive Midfield,Greuther Fürth,£225Th.,out,Summer,0.225,1 Bundesliga,2021,2021/2022
1.FC Union Berlin,Nicolai Rapp,24,Defensive Midfield,Werder Bremen,£180Th.,out,Summer,0.18,1 Bundesliga,2021,2021/2022
1.FC Union Berlin,Akaki Gogia,29,Right Winger,FC Zürich,free transfer,out,Summer,NA,1 Bundesliga,2021,2021/2022
1.FC Union Berlin,Florian Hübner,30,Centre-Back,1.FC Nuremberg,free transfer,out,Summer,NA,1 Bundesliga,2021,2021/2022
1.FC Union Berlin,Christian Gentner,36,Central Midfield,FC Luzern,free transfer,out,Summer,NA,1 Bundesliga,2021,2021/2022
1.FC Union Berlin,Nikolai Kemlein,19,Goalkeeper,Hertha BSC II,free transfer,out,Summer,NA,1 Bundesliga,2021,2021/2022
1.FC Union Berlin,Christopher Lenz,26,Left-Back,E. Frankfurt,free transfer,out,Summer,NA,1 Bundesliga,2021,2021/2022
1.FC Union Berlin,Leon Dajaku,20,Second Striker,Sunderland,loan transfer,out,Summer,NA,1 Bundesliga,2021,2021/2022
1.FC Union Berlin,Nico Schlotterbeck,21,Centre-Back,SC Freiburg,"End of loanJun 30, 2021",out,Summer,0,1 Bundesliga,2021,2021/2022
1.FC Union Berlin,Taiwo Awoniyi,24,Centre-Forward,Liverpool,"End of loanJun 30, 2021",out,Summer,0,1 Bundesliga,2021,2021/2022
1.FC Union Berlin,Loris Karius,28,Goalkeeper,Liverpool,"End of loanJun 30, 2021",out,Summer,0,1 Bundesliga,2021,2021/2022
1.FC Union Berlin,Joel Pohjanpalo,26,Centre-Forward,Bay. Leverkusen,"End of loanJun 30, 2021",out,Summer,0,1 Bundesliga,2021,2021/2022
1.FC Union Berlin,Leon Dajaku,20,Second Striker,FC Bayern II,"End of loanJun 30, 2021",out,Summer,0,1 Bundesliga,2021,2021/2022
1.FC Union Berlin,Petar Musa,23,Centre-Forward,Slavia Prague,"End of loanJun 30, 2021",out,Summer,0,1 Bundesliga,2021,2021/2022
1.FC Union Berlin,Keita Endo,23,Left Winger,Yokohama F. M.,"End of loanJun 30, 2021",out,Summer,0,1 Bundesliga,2021,2021/2022
Borussia Mönchengladbach,Hannes Wolf,22,Attacking Midfield,RB Leipzig,£8.55m,in,Summer,8.55,1 Bundesliga,2021,2021/2022
Borussia Mönchengladbach,Luca Netz,18,Left-Back,Hertha BSC,£3.60m,in,Summer,3.6,1 Bundesliga,2021,2021/2022
Borussia Mönchengladbach,Jonas Kersken,21,Goalkeeper,M'gladbach II,-,in,Summer,0,1 Bundesliga,2021,2021/2022
Borussia Mönchengladbach,Conor Noß,20,Second Striker,M'gladbach II,-,in,Summer,0,1 Bundesliga,2021,2021/2022
Borussia Mönchengladbach,Andreas Poulsen,21,Left-Back,Austria Vienna,"End of loanJun 30, 2021",in,Summer,0,1 Bundesliga,2021,2021/2022
Borussia Mönchengladbach,Lászlo Bénes,23,Central Midfield,FC Augsburg,"End of loanJun 30, 2021",in,Summer,0,1 Bundesliga,2021,2021/2022
Borussia Mönchengladbach,Manu Koné,20,Central Midfield,Toulouse,"End of loanJun 30, 2021",in,Summer,0,1 Bundesliga,2021,2021/2022
Borussia Mönchengladbach,Keanan Bennetts,22,Left Midfield,Ipswich,"End of loanJun 30, 2021",in,Summer,0,1 Bundesliga,2021,2021/2022
Borussia Mönchengladbach,Moritz Nicolas,23,Goalkeeper,VfL Osnabrück,"End of loanJun 30, 2021",in,Summer,0,1 Bundesliga,2021,2021/2022
Borussia Mönchengladbach,Julio Villalba,22,Centre-Forward,Guayaquil City,free transfer,out,Summer,NA,1 Bundesliga,2021,2021/2022
Borussia Mönchengladbach,Oscar Wendt,35,Left-Back,IFK Göteborg,free transfer,out,Summer,NA,1 Bundesliga,2021,2021/2022
Borussia Mönchengladbach,Max Grün,34,Goalkeeper,Aschaffenburg,free transfer,out,Summer,NA,1 Bundesliga,2021,2021/2022
Borussia Mönchengladbach,Michael Lang,30,Right-Back,FC Basel,?,out,Summer,NA,1 Bundesliga,2021,2021/2022
Borussia Mönchengladbach,Famana Quizera,19,Attacking Midfield,Académico Viseu,loan transfer,out,Summer,NA,1 Bundesliga,2021,2021/2022
Borussia Mönchengladbach,Andreas Poulsen,21,Left-Back,FC Ingolstadt,loan transfer,out,Summer,NA,1 Bundesliga,2021,2021/2022
Borussia Mönchengladbach,Rocco Reitz,19,Central Midfield,Sint-Truiden,loan transfer,out,Summer,NA,1 Bundesliga,2021,2021/2022
Borussia Mönchengladbach,Moritz Nicolas,23,Goalkeeper,Viktoria Köln,loan transfer,out,Summer,NA,1 Bundesliga,2021,2021/2022
Borussia Mönchengladbach,Ibrahima Traoré,33,Right Winger,Without Club,-,out,Summer,0,1 Bundesliga,2021,2021/2022
Borussia Mönchengladbach,Kaan Kurt,19,Right-Back,M'gladbach II,-,out,Summer,0,1 Bundesliga,2021,2021/2022
Borussia Mönchengladbach,Hannes Wolf,22,Attacking Midfield,RB Leipzig,"End of loanJun 30, 2021",out,Summer,0,1 Bundesliga,2021,2021/2022
Borussia Mönchengladbach,Valentino Lazaro,25,Right-Back,Inter,"End of loanJun 30, 2021",out,Summer,0,1 Bundesliga,2021,2021/2022
VfB Stuttgart,Florian Müller,23,Goalkeeper,1.FSV Mainz 05,£4.50m,in,Summer,4.5,1 Bundesliga,2021,2021/2022
VfB Stuttgart,Wahid Faghir,18,Centre-Forward,Vejle BK,£4.05m,in,Summer,4.05,1 Bundesliga,2021,2021/2022
VfB Stuttgart,Chris Führich,23,Right Winger,SC Paderborn,£2.25m,in,Summer,2.25,1 Bundesliga,2021,2021/2022
VfB Stuttgart,Enzo Millot,19,Central Midfield,Monaco,£1.58m,in,Summer,1.58,1 Bundesliga,2021,2021/2022
VfB Stuttgart,Naouirou Ahamada,19,Defensive Midfield,Juventus U23,£1.35m,in,Summer,1.35,1 Bundesliga,2021,2021/2022
VfB Stuttgart,Hiroki Ito,22,Centre-Back,Júbilo Iwata,Loan fee:£90Th.,in,Summer,0.09,1 Bundesliga,2021,2021/2022
VfB Stuttgart,Ömer Beyaz,18,Attacking Midfield,Fenerbahce,free transfer,in,Summer,NA,1 Bundesliga,2021,2021/2022
VfB Stuttgart,Omar Marmoush,22,Centre-Forward,VfL Wolfsburg,loan transfer,in,Summer,NA,1 Bundesliga,2021,2021/2022
VfB Stuttgart,Mohamed Sankoh,17,Centre-Forward,Stuttgart II,-,in,Summer,0,1 Bundesliga,2021,2021/2022
VfB Stuttgart,Pablo Maffeo,24,Right-Back,SD Huesca,"End of loanJun 30, 2021",in,Summer,0,1 Bundesliga,2021,2021/2022
VfB Stuttgart,Maxime Awoudja,23,Centre-Back,Türkgücü Münch.,"End of loanJun 30, 2021",in,Summer,0,1 Bundesliga,2021,2021/2022
VfB Stuttgart,Nikolas Nartey,21,Central Midfield,SV Sandhausen,"End of loanJun 30, 2021",in,Summer,0,1 Bundesliga,2021,2021/2022
VfB Stuttgart,Nicolás González,23,Left Winger,Fiorentina,£21.15m,out,Summer,21.15,1 Bundesliga,2021,2021/2022
VfB Stuttgart,Gregor Kobel,23,Goalkeeper,Bor. Dortmund,£13.50m,out,Summer,13.5,1 Bundesliga,2021,2021/2022
VfB Stuttgart,Pablo Maffeo,24,Right-Back,RCD Mallorca,Loan fee:£450Th.,out,Summer,0.45,1 Bundesliga,2021,2021/2022
VfB Stuttgart,Jens Grahl,32,Goalkeeper,E. Frankfurt,£225Th.,out,Summer,0.225,1 Bundesliga,2021,2021/2022
VfB Stuttgart,Marcin Kaminski,29,Centre-Back,FC Schalke 04,free transfer,out,Summer,NA,1 Bundesliga,2021,2021/2022
VfB Stuttgart,Luca Mack,21,Defensive Midfield,Újpest FC,?,out,Summer,NA,1 Bundesliga,2021,2021/2022
VfB Stuttgart,Darko Churlinov,21,Right Winger,FC Schalke 04,loan transfer,out,Summer,NA,1 Bundesliga,2021,2021/2022
VfB Stuttgart,Maxime Awoudja,23,Centre-Back,WSG Tirol,loan transfer,out,Summer,NA,1 Bundesliga,2021,2021/2022
VfB Stuttgart,Antonis Aidonis,20,Centre-Back,Dynamo Dresden,loan transfer,out,Summer,NA,1 Bundesliga,2021,2021/2022
VfB Stuttgart,Gonzalo Castro,34,Central Midfield,Without Club,-,out,Summer,0,1 Bundesliga,2021,2021/2022
VfB Stuttgart,Naouirou Ahamada,19,Defensive Midfield,Juventus U23,"End of loanJun 30, 2021",out,Summer,0,1 Bundesliga,2021,2021/2022
SC Freiburg,Maximilian Eggestein,24,Central Midfield,Werder Bremen,£4.50m,in,Summer,4.5,1 Bundesliga,2021,2021/2022
SC Freiburg,Kevin Schade,19,Right Winger,SC Freiburg II,-,in,Summer,0,1 Bundesliga,2021,2021/2022
SC Freiburg,Kimberly Ezekwem,20,Centre-Back,SC Freiburg II,-,in,Summer,0,1 Bundesliga,2021,2021/2022
SC Freiburg,Kiliann Sildillia,19,Centre-Back,SC Freiburg II,-,in,Summer,0,1 Bundesliga,2021,2021/2022
SC Freiburg,Noah Weißhaupt,19,Left Midfield,SC Freiburg II,-,in,Summer,0,1 Bundesliga,2021,2021/2022
SC Freiburg,Nishan Burkart,21,Centre-Forward,SC Freiburg II,-,in,Summer,0,1 Bundesliga,2021,2021/2022
SC Freiburg,Noah Atubolu,19,Goalkeeper,SC Freiburg II,-,in,Summer,0,1 Bundesliga,2021,2021/2022
SC Freiburg,Chima Okoroji,24,Left-Back,SC Paderborn,"End of loanJun 30, 2021",in,Summer,0,1 Bundesliga,2021,2021/2022
SC Freiburg,Nico Schlotterbeck,21,Centre-Back,Union Berlin,"End of loanJun 30, 2021",in,Summer,0,1 Bundesliga,2021,2021/2022
SC Freiburg,Brandon Borrello,26,Right Winger,F. Düsseldorf,"End of loanJun 30, 2021",in,Summer,0,1 Bundesliga,2021,2021/2022
SC Freiburg,Florian Kath,26,Left Winger,1.FC Magdeburg,"End of loanJun 30, 2021",in,Summer,0,1 Bundesliga,2021,2021/2022
SC Freiburg,Amir Abrashi,31,Defensive Midfield,FC Basel,"End of loanJun 30, 2021",in,Summer,0,1 Bundesliga,2021,2021/2022
SC Freiburg,Patrick Kammerbauer,24,Defensive Midfield,E. Braunschweig,"End of loanJun 30, 2021",in,Summer,0,1 Bundesliga,2021,2021/2022
SC Freiburg,Baptiste Santamaria,26,Defensive Midfield,Stade Rennais,£12.60m,out,Summer,12.6,1 Bundesliga,2021,2021/2022
SC Freiburg,Brandon Borrello,26,Right Winger,Dynamo Dresden,£225Th.,out,Summer,0.225,1 Bundesliga,2021,2021/2022
SC Freiburg,Florian Kath,26,Left Winger,1.FC Magdeburg,free transfer,out,Summer,NA,1 Bundesliga,2021,2021/2022
SC Freiburg,Amir Abrashi,31,Defensive Midfield,Grasshoppers,free transfer,out,Summer,NA,1 Bundesliga,2021,2021/2022
SC Freiburg,Chang-hoon Kwon,27,Right Winger,Suwon Bluewings,free transfer,out,Summer,NA,1 Bundesliga,2021,2021/2022
SC Freiburg,Chima Okoroji,24,Left-Back,SV Sandhausen,?,out,Summer,NA,1 Bundesliga,2021,2021/2022
SC Freiburg,Niclas Thiede,22,Goalkeeper,SC Verl,loan transfer,out,Summer,NA,1 Bundesliga,2021,2021/2022
SC Freiburg,Patrick Kammerbauer,24,Defensive Midfield,SC Freiburg II,-,out,Summer,0,1 Bundesliga,2021,2021/2022
SC Freiburg,Lino Tempelmann,22,Central Midfield,1.FC Nuremberg,loan transfer,out,Summer,NA,1 Bundesliga,2021,2021/2022
SC Freiburg,Guus Til,23,Attacking Midfield,Spartak Moscow,"End of loanJun 30, 2021",out,Summer,0,1 Bundesliga,2021,2021/2022
SC Freiburg,Florian Müller,23,Goalkeeper,1.FSV Mainz 05,"End of loanJun 30, 2021",out,Summer,0,1 Bundesliga,2021,2021/2022
TSG 1899 Hoffenheim,David Raum,23,Left-Back,Greuther Fürth,free transfer,in,Summer,NA,1 Bundesliga,2021,2021/2022
TSG 1899 Hoffenheim,Angelo Stiller,20,Defensive Midfield,FC Bayern II,free transfer,in,Summer,NA,1 Bundesliga,2021,2021/2022
TSG 1899 Hoffenheim,Sebastian Rudy,31,Defensive Midfield,FC Schalke 04,free transfer,in,Summer,NA,1 Bundesliga,2021,2021/2022
TSG 1899 Hoffenheim,Chris Richards,21,Centre-Back,FC Bayern,loan transfer,in,Summer,NA,1 Bundesliga,2021,2021/2022
TSG 1899 Hoffenheim,Tom Bischof,16,Central Midfield,Hoffenheim U17,-,in,Summer,0,1 Bundesliga,2021,2021/2022
TSG 1899 Hoffenheim,Nahuel Noll,18,Goalkeeper,Hoffenheim U19,-,in,Summer,0,1 Bundesliga,2021,2021/2022
TSG 1899 Hoffenheim,Jacob Bruun Larsen,22,Left Winger,RSC Anderlecht,"End of loanJun 30, 2021",in,Summer,0,1 Bundesliga,2021,2021/2022
TSG 1899 Hoffenheim,Ilay Elmkies,21,Central Midfield,ADO Den Haag,"End of loanJun 30, 2021",in,Summer,0,1 Bundesliga,2021,2021/2022
TSG 1899 Hoffenheim,Justin Hoogma,23,Centre-Back,FC Utrecht,"End of loanJun 30, 2021",in,Summer,0,1 Bundesliga,2021,2021/2022
TSG 1899 Hoffenheim,Ishak Belfodil,29,Centre-Forward,Hertha BSC,£450Th.,out,Summer,0.45,1 Bundesliga,2021,2021/2022
TSG 1899 Hoffenheim,Maximilian Beier,18,Centre-Forward,Hannover 96,loan transfer,out,Summer,NA,1 Bundesliga,2021,2021/2022
TSG 1899 Hoffenheim,Konstantinos Stafylidis,27,Left-Back,VfL Bochum,loan transfer,out,Summer,NA,1 Bundesliga,2021,2021/2022
TSG 1899 Hoffenheim,Justin Hoogma,23,Centre-Back,Greuther Fürth,loan transfer,out,Summer,NA,1 Bundesliga,2021,2021/2022
TSG 1899 Hoffenheim,Ilay Elmkies,21,Central Midfield,Admira Wacker,loan transfer,out,Summer,NA,1 Bundesliga,2021,2021/2022
TSG 1899 Hoffenheim,Chris Richards,21,Centre-Back,FC Bayern,"End of loanJun 30, 2021",out,Summer,0,1 Bundesliga,2021,2021/2022
TSG 1899 Hoffenheim,Sebastian Rudy,31,Defensive Midfield,FC Schalke 04,"End of loanJun 30, 2021",out,Summer,0,1 Bundesliga,2021,2021/2022
TSG 1899 Hoffenheim,Ryan Sessegnon,21,Left Midfield,Spurs,"End of loanJun 30, 2021",out,Summer,0,1 Bundesliga,2021,2021/2022
1.FSV Mainz 05,Anton Stach,22,Defensive Midfield,Greuther Fürth,£3.15m,in,Summer,3.15,1 Bundesliga,2021,2021/2022
1.FSV Mainz 05,Silvan Widmer,28,Right-Back,FC Basel,£2.25m,in,Summer,2.25,1 Bundesliga,2021,2021/2022
1.FSV Mainz 05,Marcus Ingvartsen,25,Centre-Forward,Union Berlin,Loan fee:£540Th.,in,Summer,0.54,1 Bundesliga,2021,2021/2022
1.FSV Mainz 05,Jae-sung Lee,29,Attacking Midfield,Holstein Kiel,free transfer,in,Summer,NA,1 Bundesliga,2021,2021/2022
1.FSV Mainz 05,Anderson Lucoqui,24,Left-Back,Arm. Bielefeld,free transfer,in,Summer,NA,1 Bundesliga,2021,2021/2022
1.FSV Mainz 05,Lasse Rieß,20,Goalkeeper,FSV Mainz 05 II,-,in,Summer,0,1 Bundesliga,2021,2021/2022
1.FSV Mainz 05,David Nemeth,20,Centre-Back,FSV Mainz 05 II,-,in,Summer,0,1 Bundesliga,2021,2021/2022
1.FSV Mainz 05,Dong-won Ji,30,Centre-Forward,E. Braunschweig,"End of loanJun 30, 2021",in,Summer,0,1 Bundesliga,2021,2021/2022
1.FSV Mainz 05,Issah Abass,22,Centre-Forward,Twente FC,"End of loanJun 30, 2021",in,Summer,0,1 Bundesliga,2021,2021/2022
1.FSV Mainz 05,Aarón Martín,24,Left-Back,Celta de Vigo,"End of loanJun 30, 2021",in,Summer,0,1 Bundesliga,2021,2021/2022
1.FSV Mainz 05,Florian Müller,23,Goalkeeper,SC Freiburg,"End of loanJun 30, 2021",in,Summer,0,1 Bundesliga,2021,2021/2022
1.FSV Mainz 05,Jonathan Meier,21,Left-Back,Dynamo Dresden,"End of loanJun 30, 2021",in,Summer,0,1 Bundesliga,2021,2021/2022
1.FSV Mainz 05,Florian Müller,23,Goalkeeper,VfB Stuttgart,£4.50m,out,Summer,4.5,1 Bundesliga,2021,2021/2022
1.FSV Mainz 05,Pierre Kunde,26,Central Midfield,Olympiacos,£1.62m,out,Summer,1.62,1 Bundesliga,2021,2021/2022
1.FSV Mainz 05,Luca Kilian,22,Centre-Back,1. FC Köln,Loan fee:£225Th.,out,Summer,0.225,1 Bundesliga,2021,2021/2022
1.FSV Mainz 05,Danny Latza,31,Central Midfield,FC Schalke 04,free transfer,out,Summer,NA,1 Bundesliga,2021,2021/2022
1.FSV Mainz 05,Levin Öztunali,25,Central Midfield,Union Berlin,free transfer,out,Summer,NA,1 Bundesliga,2021,2021/2022
1.FSV Mainz 05,Robin Quaison,27,Second Striker,Al-Ettifaq,free transfer,out,Summer,NA,1 Bundesliga,2021,2021/2022
1.FSV Mainz 05,Phillipp Mwene,27,Right-Back,PSV Eindhoven,free transfer,out,Summer,NA,1 Bundesliga,2021,2021/2022
1.FSV Mainz 05,Dong-won Ji,30,Centre-Forward,FC Seoul,?,out,Summer,NA,1 Bundesliga,2021,2021/2022
1.FSV Mainz 05,Edimilson Fernandes,25,Central Midfield,Arm. Bielefeld,loan transfer,out,Summer,NA,1 Bundesliga,2021,2021/2022
1.FSV Mainz 05,Jonathan Meier,21,Left-Back,Hansa Rostock,loan transfer,out,Summer,NA,1 Bundesliga,2021,2021/2022
1.FSV Mainz 05,Issah Abass,22,Centre-Forward,HNK Rijeka,loan transfer,out,Summer,NA,1 Bundesliga,2021,2021/2022
1.FSV Mainz 05,Marlon Mustapha,20,Centre-Forward,Admira Wacker,loan transfer,out,Summer,NA,1 Bundesliga,2021,2021/2022
1.FSV Mainz 05,Robert Glatzel,27,Centre-Forward,Cardiff,"End of loanJun 30, 2021",out,Summer,0,1 Bundesliga,2021,2021/2022
1.FSV Mainz 05,Danny da Costa,28,Right-Back,E. Frankfurt,"End of loanJun 30, 2021",out,Summer,0,1 Bundesliga,2021,2021/2022
FC Augsburg,Niklas Dorsch,23,Defensive Midfield,KAA Gent,£6.30m,in,Summer,6.3,1 Bundesliga,2021,2021/2022
FC Augsburg,Arne Maier,22,Central Midfield,Hertha BSC,Loan fee:£450Th.,in,Summer,0.45,1 Bundesliga,2021,2021/2022
FC Augsburg,Daniel Klein,20,Goalkeeper,Hoffenheim II,£180Th.,in,Summer,0.18,1 Bundesliga,2021,2021/2022
FC Augsburg,Lasse Günther,18,Right Winger,FC Bayern U19,free transfer,in,Summer,NA,1 Bundesliga,2021,2021/2022
FC Augsburg,Andi Zeqiri,22,Centre-Forward,Brighton,loan transfer,in,Summer,NA,1 Bundesliga,2021,2021/2022
FC Augsburg,Lukas Petkov,20,Central Midfield,FC Augsburg II,-,in,Summer,0,1 Bundesliga,2021,2021/2022
FC Augsburg,Tim Civeja,19,Central Midfield,FC Augsburg II,-,in,Summer,0,1 Bundesliga,2021,2021/2022
FC Augsburg,Maurice Malone,21,Left Midfield,Wehen Wiesbaden,"End of loanJun 30, 2021",in,Summer,0,1 Bundesliga,2021,2021/2022
FC Augsburg,Frederik Winther,20,Centre-Back,Lyngby BK,"End of loanJun 30, 2021",in,Summer,0,1 Bundesliga,2021,2021/2022
FC Augsburg,Jozo Stanic,22,Right-Back,FSV Zwickau,"End of loanJun 30, 2021",in,Summer,0,1 Bundesliga,2021,2021/2022
FC Augsburg,Kevin Danso,22,Centre-Back,F. Düsseldorf,"End of loanJun 30, 2021",in,Summer,0,1 Bundesliga,2021,2021/2022
FC Augsburg,Sergio Córdova,24,Centre-Forward,Arm. Bielefeld,"End of loanJun 30, 2021",in,Summer,0,1 Bundesliga,2021,2021/2022
FC Augsburg,Marco Richter,23,Right Winger,Hertha BSC,£6.39m,out,Summer,6.39,1 Bundesliga,2021,2021/2022
FC Augsburg,Kevin Danso,22,Centre-Back,Lens,£4.95m,out,Summer,4.95,1 Bundesliga,2021,2021/2022
FC Augsburg,Rani Khedira,27,Defensive Midfield,Union Berlin,free transfer,out,Summer,NA,1 Bundesliga,2021,2021/2022
FC Augsburg,Marek Suchy,33,Centre-Back,Mlada Boleslav,free transfer,out,Summer,NA,1 Bundesliga,2021,2021/2022
FC Augsburg,Maurice Malone,21,Left Midfield,1.FC Heidenheim,loan transfer,out,Summer,NA,1 Bundesliga,2021,2021/2022
FC Augsburg,Lukas Petkov,20,Central Midfield,SC Verl,loan transfer,out,Summer,NA,1 Bundesliga,2021,2021/2022
FC Augsburg,Jozo Stanic,22,Right-Back,Wehen Wiesbaden,loan transfer,out,Summer,NA,1 Bundesliga,2021,2021/2022
FC Augsburg,Julian Schieber,32,Centre-Forward,Retired,-,out,Summer,0,1 Bundesliga,2021,2021/2022
FC Augsburg,Benjamin Leneis,22,Goalkeeper,1.FC Magdeburg,loan transfer,out,Summer,NA,1 Bundesliga,2021,2021/2022
FC Augsburg,Lászlo Bénes,23,Central Midfield,Bor. M'gladbach,"End of loanJun 30, 2021",out,Summer,0,1 Bundesliga,2021,2021/2022
Hertha BSC,Suat Serdar,24,Central Midfield,FC Schalke 04,£7.20m,in,Summer,7.2,1 Bundesliga,2021,2021/2022
Hertha BSC,Marco Richter,23,Right Winger,FC Augsburg,£6.39m,in,Summer,6.39,1 Bundesliga,2021,2021/2022
Hertha BSC,Myziane Maolida,22,Left Winger,OGC Nice,£3.60m,in,Summer,3.6,1 Bundesliga,2021,2021/2022
Hertha BSC,Jurgen Ekkelenkamp,21,Central Midfield,Ajax,£2.70m,in,Summer,2.7,1 Bundesliga,2021,2021/2022
Hertha BSC,Ishak Belfodil,29,Centre-Forward,TSG Hoffenheim,£450Th.,in,Summer,0.45,1 Bundesliga,2021,2021/2022
Hertha BSC,Kevin-Prince Boateng,34,Attacking Midfield,Monza,free transfer,in,Summer,NA,1 Bundesliga,2021,2021/2022
Hertha BSC,Stevan Jovetic,31,Centre-Forward,Monaco,free transfer,in,Summer,NA,1 Bundesliga,2021,2021/2022
Hertha BSC,Oliver Christensen,22,Goalkeeper,Odense BK,?,in,Summer,NA,1 Bundesliga,2021,2021/2022
Hertha BSC,Dennis Jastrzembski,21,Left Winger,Waldh. Mannheim,"End of loanJun 30, 2021",in,Summer,0,1 Bundesliga,2021,2021/2022
Hertha BSC,Arne Maier,22,Central Midfield,Arm. Bielefeld,"End of loanJun 30, 2021",in,Summer,0,1 Bundesliga,2021,2021/2022
Hertha BSC,Davie Selke,26,Centre-Forward,Werder Bremen,"End of loanJun 30, 2021",in,Summer,0,1 Bundesliga,2021,2021/2022
Hertha BSC,Matheus Cunha,22,Centre-Forward,Atlético Madrid,£27.00m,out,Summer,27,1 Bundesliga,2021,2021/2022
Hertha BSC,Jhon Córdoba,28,Centre-Forward,Krasnodar,£18.00m,out,Summer,18,1 Bundesliga,2021,2021/2022
Hertha BSC,Luca Netz,18,Left-Back,Bor. M'gladbach,£3.60m,out,Summer,3.6,1 Bundesliga,2021,2021/2022
Hertha BSC,Arne Maier,22,Central Midfield,FC Augsburg,Loan fee:£450Th.,out,Summer,0.45,1 Bundesliga,2021,2021/2022
Hertha BSC,Mathew Leckie,30,Right Winger,Melbourne City,free transfer,out,Summer,NA,1 Bundesliga,2021,2021/2022
Hertha BSC,Javairô Dilrosun,23,Left Winger,G. Bordeaux,loan transfer,out,Summer,NA,1 Bundesliga,2021,2021/2022
Hertha BSC,Daishawn Redan,20,Centre-Forward,PEC Zwolle,loan transfer,out,Summer,NA,1 Bundesliga,2021,2021/2022
Hertha BSC,Dodi Lukébakio,23,Right Winger,VfL Wolfsburg,loan transfer,out,Summer,NA,1 Bundesliga,2021,2021/2022
Hertha BSC,Omar Alderete,24,Centre-Back,Valencia,loan transfer,out,Summer,NA,1 Bundesliga,2021,2021/2022
Hertha BSC,Jessic Ngankam,21,Centre-Forward,Greuther Fürth,loan transfer,out,Summer,NA,1 Bundesliga,2021,2021/2022
Hertha BSC,Eduard Löwen,24,Central Midfield,VfL Bochum,loan transfer,out,Summer,NA,1 Bundesliga,2021,2021/2022
Hertha BSC,Sami Khedira,34,Central Midfield,Retired,-,out,Summer,0,1 Bundesliga,2021,2021/2022
Hertha BSC,Nemanja Radonjic,25,Left Winger,Marseille,"End of loanJun 30, 2021",out,Summer,0,1 Bundesliga,2021,2021/2022
Hertha BSC,Mattéo Guendouzi,22,Central Midfield,Arsenal,"End of loanJun 30, 2021",out,Summer,0,1 Bundesliga,2021,2021/2022
Arminia Bielefeld,Robin Hack,23,Left Winger,1.FC Nuremberg,£2.25m,in,Summer,2.25,1 Bundesliga,2021,2021/2022
Arminia Bielefeld,Guilherme Ramos,24,Centre-Back,Feirense,£1.08m,in,Summer,1.08,1 Bundesliga,2021,2021/2022
Arminia Bielefeld,Masaya Okugawa,25,Left Winger,RB Salzburg,£900Th.,in,Summer,0.9,1 Bundesliga,2021,2021/2022
Arminia Bielefeld,Florian Krüger,22,Centre-Forward,Erzgebirge Aue,£900Th.,in,Summer,0.9,1 Bundesliga,2021,2021/2022
Arminia Bielefeld,Bryan Lasme,22,Right Winger,FC Sochaux,£720Th.,in,Summer,0.72,1 Bundesliga,2021,2021/2022
Arminia Bielefeld,Patrick Wimmer,20,Left Winger,Austria Vienna,£630Th.,in,Summer,0.63,1 Bundesliga,2021,2021/2022
Arminia Bielefeld,Stefanos Kapino,27,Goalkeeper,Werder Bremen,£270Th.,in,Summer,0.27,1 Bundesliga,2021,2021/2022
Arminia Bielefeld,Sebastian Vasiliadis,23,Central Midfield,SC Paderborn,free transfer,in,Summer,NA,1 Bundesliga,2021,2021/2022
Arminia Bielefeld,Janni Serra,23,Centre-Forward,Holstein Kiel,free transfer,in,Summer,NA,1 Bundesliga,2021,2021/2022
Arminia Bielefeld,Alessandro Schöpf,27,Attacking Midfield,FC Schalke 04,free transfer,in,Summer,NA,1 Bundesliga,2021,2021/2022
Arminia Bielefeld,Edimilson Fernandes,25,Central Midfield,1.FSV Mainz 05,loan transfer,in,Summer,NA,1 Bundesliga,2021,2021/2022
Arminia Bielefeld,Lennart Czyborra,22,Left-Back,Genoa,loan transfer,in,Summer,NA,1 Bundesliga,2021,2021/2022
Arminia Bielefeld,Andrés Andrade,22,Centre-Back,LASK,loan transfer,in,Summer,NA,1 Bundesliga,2021,2021/2022
Arminia Bielefeld,Vladislav Cherny,18,Attacking Midfield,Bielefeld U19,-,in,Summer,0,1 Bundesliga,2021,2021/2022
Arminia Bielefeld,Sebastian Müller,20,Centre-Forward,VfL Osnabrück,"End of loanJun 30, 2021",in,Summer,0,1 Bundesliga,2021,2021/2022
Arminia Bielefeld,Noel Niemann,21,Left Winger,Türkgücü Münch.,"End of loanJun 30, 2021",in,Summer,0,1 Bundesliga,2021,2021/2022
Arminia Bielefeld,Can Hayri Özkan,21,Defensive Midfield,Naestved BK,"End of loanJun 30, 2021",in,Summer,0,1 Bundesliga,2021,2021/2022
Arminia Bielefeld,Mervin Kalac,20,Centre-Forward,SV Lippstadt 08,"End of loanJun 30, 2021",in,Summer,0,1 Bundesliga,2021,2021/2022
Arminia Bielefeld,Joey Müller,21,Defensive Midfield,Wuppertaler SV,"End of loanJun 30, 2021",in,Summer,0,1 Bundesliga,2021,2021/2022
Arminia Bielefeld,Marcel Hartel,25,Attacking Midfield,FC St. Pauli,£315Th.,out,Summer,0.315,1 Bundesliga,2021,2021/2022
Arminia Bielefeld,Jóan Símun Edmundsson,30,Second Striker,Waasl.-Beveren,free transfer,out,Summer,NA,1 Bundesliga,2021,2021/2022
Arminia Bielefeld,Can Hayri Özkan,21,Defensive Midfield,Düsseldorf II,free transfer,out,Summer,NA,1 Bundesliga,2021,2021/2022
Arminia Bielefeld,Andreas Voglsammer,29,Centre-Forward,Union Berlin,free transfer,out,Summer,NA,1 Bundesliga,2021,2021/2022
Arminia Bielefeld,Mervin Kalac,20,Centre-Forward,SC Paderborn II,free transfer,out,Summer,NA,1 Bundesliga,2021,2021/2022
Arminia Bielefeld,Sven Schipplock,32,Centre-Forward,Stuttgart II,free transfer,out,Summer,NA,1 Bundesliga,2021,2021/2022
Arminia Bielefeld,Anderson Lucoqui,24,Left-Back,1.FSV Mainz 05,free transfer,out,Summer,NA,1 Bundesliga,2021,2021/2022
Arminia Bielefeld,Nils Seufert,24,Central Midfield,Greuther Fürth,free transfer,out,Summer,NA,1 Bundesliga,2021,2021/2022
Arminia Bielefeld,Cebio Soukou,28,Right Winger,SV Sandhausen,free transfer,out,Summer,NA,1 Bundesliga,2021,2021/2022
Arminia Bielefeld,Joey Müller,21,Defensive Midfield,Schalke 04 II,free transfer,out,Summer,NA,1 Bundesliga,2021,2021/2022
Arminia Bielefeld,Jomaine Consbruch,19,Central Midfield,E. Braunschweig,loan transfer,out,Summer,NA,1 Bundesliga,2021,2021/2022
Arminia Bielefeld,Sebastian Müller,20,Centre-Forward,E. Braunschweig,loan transfer,out,Summer,NA,1 Bundesliga,2021,2021/2022
Arminia Bielefeld,Oscar Linnér,24,Goalkeeper,Brescia,loan transfer,out,Summer,NA,1 Bundesliga,2021,2021/2022
Arminia Bielefeld,Mike van der Hoorn,28,Centre-Back,FC Utrecht,loan transfer,out,Summer,NA,1 Bundesliga,2021,2021/2022
Arminia Bielefeld,Christian Gebauer,27,Right Winger,FC Ingolstadt,loan transfer,out,Summer,NA,1 Bundesliga,2021,2021/2022
Arminia Bielefeld,Noel Niemann,21,Left Winger,TSV Hartberg,loan transfer,out,Summer,NA,1 Bundesliga,2021,2021/2022
Arminia Bielefeld,Nikolai Rehnen,24,Goalkeeper,Without Club,-,out,Summer,0,1 Bundesliga,2021,2021/2022
Arminia Bielefeld,Reinhold Yabo,29,Central Midfield,Retired,-,out,Summer,0,1 Bundesliga,2021,2021/2022
Arminia Bielefeld,Michel Vlap,24,Attacking Midfield,RSC Anderlecht,"End of loanJun 30, 2021",out,Summer,0,1 Bundesliga,2021,2021/2022
Arminia Bielefeld,Masaya Okugawa,25,Left Winger,RB Salzburg,"End of loanJun 30, 2021",out,Summer,0,1 Bundesliga,2021,2021/2022
Arminia Bielefeld,Arne Maier,22,Central Midfield,Hertha BSC,"End of loanJun 30, 2021",out,Summer,0,1 Bundesliga,2021,2021/2022
Arminia Bielefeld,Ritsu Doan,23,Right Winger,PSV Eindhoven,"End of loanJun 30, 2021",out,Summer,0,1 Bundesliga,2021,2021/2022
Arminia Bielefeld,Sergio Córdova,24,Centre-Forward,FC Augsburg,"End of loanJun 30, 2021",out,Summer,0,1 Bundesliga,2021,2021/2022
1. FC Köln,Luca Kilian,22,Centre-Back,1.FSV Mainz 05,Loan fee:£225Th.,in,Summer,0.225,1 Bundesliga,2021,2021/2022
1. FC Köln,Dejan Ljubicic,23,Central Midfield,Rapid Vienna,free transfer,in,Summer,NA,1 Bundesliga,2021,2021/2022
1. FC Köln,Mark Uth,30,Second Striker,FC Schalke 04,free transfer,in,Summer,NA,1 Bundesliga,2021,2021/2022
1. FC Köln,Timo Hübers,25,Centre-Back,Hannover 96,free transfer,in,Summer,NA,1 Bundesliga,2021,2021/2022
1. FC Köln,Marvin Schwäbe,26,Goalkeeper,Bröndby IF,free transfer,in,Summer,NA,1 Bundesliga,2021,2021/2022
1. FC Köln,Marvin Obuz,19,Left Winger,1.FC Köln II,-,in,Summer,0,1 Bundesliga,2021,2021/2022
1. FC Köln,Birger Verstraete,27,Defensive Midfield,Royal Antwerp,"End of loanJun 30, 2021",in,Summer,0,1 Bundesliga,2021,2021/2022
1. FC Köln,Niklas Hauptmann,25,Central Midfield,Holstein Kiel,"End of loanJun 30, 2021",in,Summer,0,1 Bundesliga,2021,2021/2022
1. FC Köln,Yann Aurel Bisseck,20,Centre-Back,Guimarães B,"End of loanJun 30, 2021",in,Summer,0,1 Bundesliga,2021,2021/2022
1. FC Köln,Kingsley Schindler,28,Right Winger,Hannover 96,"End of loanJun 30, 2021",in,Summer,0,1 Bundesliga,2021,2021/2022
1. FC Köln,Tomas Ostrak,21,Attacking Midfield,MFK Karvina,"End of loanJun 30, 2021",in,Summer,0,1 Bundesliga,2021,2021/2022
1. FC Köln,Vincent Koziello,25,Central Midfield,Nacional,"End of loanJun 30, 2021",in,Summer,0,1 Bundesliga,2021,2021/2022
1. FC Köln,Marcel Risse,31,Right Midfield,Viktoria Köln,"End of loanJun 30, 2021",in,Summer,0,1 Bundesliga,2021,2021/2022
1. FC Köln,Lasse Sobiech,30,Centre-Back,FC Zürich,"End of loanJun 30, 2021",in,Summer,0,1 Bundesliga,2021,2021/2022
1. FC Köln,Louis Schaub,26,Attacking Midfield,FC Luzern,"End of loanJun 30, 2021",in,Summer,0,1 Bundesliga,2021,2021/2022
1. FC Köln,Anthony Modeste,33,Centre-Forward,Saint-Étienne,"End of loanJun 30, 2021",in,Summer,0,1 Bundesliga,2021,2021/2022
1. FC Köln,Sebastiaan Bornauw,22,Centre-Back,VfL Wolfsburg,£12.15m,out,Summer,12.15,1 Bundesliga,2021,2021/2022
1. FC Köln,Ismail Jakobs,22,Left Midfield,Monaco,£5.85m,out,Summer,5.85,1 Bundesliga,2021,2021/2022
1. FC Köln,Birger Verstraete,27,Defensive Midfield,Royal Antwerp,£1.80m,out,Summer,1.8,1 Bundesliga,2021,2021/2022
1. FC Köln,Vincent Koziello,25,Central Midfield,KV Oostende,free transfer,out,Summer,NA,1 Bundesliga,2021,2021/2022
1. FC Köln,Marco Höger,31,Defensive Midfield,Waldh. Mannheim,free transfer,out,Summer,NA,1 Bundesliga,2021,2021/2022
1. FC Köln,Dominick Drexler,31,Attacking Midfield,FC Schalke 04,free transfer,out,Summer,NA,1 Bundesliga,2021,2021/2022
1. FC Köln,Lasse Sobiech,30,Centre-Back,SV Darmstadt 98,free transfer,out,Summer,NA,1 Bundesliga,2021,2021/2022
1. FC Köln,Julian Krahl,21,Goalkeeper,Viktoria Berlin,free transfer,out,Summer,NA,1 Bundesliga,2021,2021/2022
1. FC Köln,João Queirós,23,Centre-Back,Chaves,?,out,Summer,NA,1 Bundesliga,2021,2021/2022
1. FC Köln,Marcel Risse,31,Right Midfield,Viktoria Köln,?,out,Summer,NA,1 Bundesliga,2021,2021/2022
1. FC Köln,Dimitrios Limnios,23,Right Winger,Twente FC,loan transfer,out,Summer,NA,1 Bundesliga,2021,2021/2022
1. FC Köln,Robert Voloder,20,Centre-Back,NK Maribor,loan transfer,out,Summer,NA,1 Bundesliga,2021,2021/2022
1. FC Köln,Yann Aurel Bisseck,20,Centre-Back,Aarhus GF,loan transfer,out,Summer,NA,1 Bundesliga,2021,2021/2022
1. FC Köln,Max Meyer,25,Attacking Midfield,Without Club,-,out,Summer,0,1 Bundesliga,2021,2021/2022
1. FC Köln,Marius Wolf,26,Right Winger,Bor. Dortmund,"End of loanJun 30, 2021",out,Summer,0,1 Bundesliga,2021,2021/2022
1. FC Köln,Ron-Robert Zieler,32,Goalkeeper,Hannover 96,"End of loanJun 30, 2021",out,Summer,0,1 Bundesliga,2021,2021/2022
1. FC Köln,Elvis Rexhbecaj,23,Central Midfield,VfL Wolfsburg,"End of loanJun 30, 2021",out,Summer,0,1 Bundesliga,2021,2021/2022
1. FC Köln,Tolu Arokodare,20,Centre-Forward,Valmiera,"End of loanJun 30, 2021",out,Summer,0,1 Bundesliga,2021,2021/2022
1. FC Köln,Emmanuel Dennis,23,Centre-Forward,Club Brugge,"End of loanJun 30, 2021",out,Summer,0,1 Bundesliga,2021,2021/2022
VfL Bochum,Christopher Antwi-Adjei,27,Left Winger,SC Paderborn,free transfer,in,Summer,NA,1 Bundesliga,2021,2021/2022
VfL Bochum,Patrick Osterhage,21,Central Midfield,B. Dortmund II,free transfer,in,Summer,NA,1 Bundesliga,2021,2021/2022
VfL Bochum,Michael Esser,33,Goalkeeper,Hannover 96,free transfer,in,Summer,NA,1 Bundesliga,2021,2021/2022
VfL Bochum,Sebastian Polter,30,Centre-Forward,Fortuna Sittard,free transfer,in,Summer,NA,1 Bundesliga,2021,2021/2022
VfL Bochum,Eduard Löwen,24,Central Midfield,Hertha BSC,loan transfer,in,Summer,NA,1 Bundesliga,2021,2021/2022
VfL Bochum,Konstantinos Stafylidis,27,Left-Back,TSG Hoffenheim,loan transfer,in,Summer,NA,1 Bundesliga,2021,2021/2022
VfL Bochum,Elvis Rexhbecaj,23,Central Midfield,VfL Wolfsburg,loan transfer,in,Summer,NA,1 Bundesliga,2021,2021/2022
VfL Bochum,Luis Hartwig,18,Centre-Forward,VfL Bochum U19,-,in,Summer,0,1 Bundesliga,2021,2021/2022
VfL Bochum,Takuma Asano,26,Right Winger,Without Club,-,in,Summer,0,1 Bundesliga,2021,2021/2022
VfL Bochum,Lars Holtkamp,19,Defensive Midfield,Wuppertaler SV,"End of loanJun 30, 2021",in,Summer,0,1 Bundesliga,2021,2021/2022
VfL Bochum,Moritz Römling,20,Left-Back,Wuppertaler SV,"End of loanJun 14, 2021",in,Summer,0,1 Bundesliga,2021,2021/2022
VfL Bochum,Robert Zulj,29,Attacking Midfield,Ittihad Kalba,£315Th.,out,Summer,0.315,1 Bundesliga,2021,2021/2022
VfL Bochum,Patrick Drewes,28,Goalkeeper,SV Sandhausen,free transfer,out,Summer,NA,1 Bundesliga,2021,2021/2022
VfL Bochum,Lars Holtkamp,19,Defensive Midfield,Bonner SC,free transfer,out,Summer,NA,1 Bundesliga,2021,2021/2022
VfL Bochum,Baris Ekincier,22,Left Winger,Waldh. Mannheim,?,out,Summer,NA,1 Bundesliga,2021,2021/2022
VfL Bochum,Thomas Eisfeld,28,Attacking Midfield,Without Club,-,out,Summer,0,1 Bundesliga,2021,2021/2022
SpVgg Greuther Fürth,Jeremy Dudziak,26,Attacking Midfield,Hamburger SV,£675Th.,in,Summer,0.675,1 Bundesliga,2021,2021/2022
SpVgg Greuther Fürth,Nick Viergever,32,Centre-Back,PSV Eindhoven,£270Th.,in,Summer,0.27,1 Bundesliga,2021,2021/2022
SpVgg Greuther Fürth,Sebastian Griesbeck,30,Defensive Midfield,Union Berlin,£225Th.,in,Summer,0.225,1 Bundesliga,2021,2021/2022
SpVgg Greuther Fürth,Jetro Willems,27,Left-Back,E. Frankfurt,free transfer,in,Summer,NA,1 Bundesliga,2021,2021/2022
SpVgg Greuther Fürth,Gideon Jung,26,Centre-Back,Hamburger SV,free transfer,in,Summer,NA,1 Bundesliga,2021,2021/2022
SpVgg Greuther Fürth,Nils Seufert,24,Central Midfield,Arm. Bielefeld,free transfer,in,Summer,NA,1 Bundesliga,2021,2021/2022
SpVgg Greuther Fürth,Max Christiansen,24,Central Midfield,Waldh. Mannheim,free transfer,in,Summer,NA,1 Bundesliga,2021,2021/2022
SpVgg Greuther Fürth,Jessic Ngankam,21,Centre-Forward,Hertha BSC,loan transfer,in,Summer,NA,1 Bundesliga,2021,2021/2022
SpVgg Greuther Fürth,Adrian Fein,22,Defensive Midfield,FC Bayern,loan transfer,in,Summer,NA,1 Bundesliga,2021,2021/2022
SpVgg Greuther Fürth,Justin Hoogma,23,Centre-Back,TSG Hoffenheim,loan transfer,in,Summer,NA,1 Bundesliga,2021,2021/2022
SpVgg Greuther Fürth,Cedric Itten,24,Centre-Forward,Rangers,loan transfer,in,Summer,NA,1 Bundesliga,2021,2021/2022
SpVgg Greuther Fürth,Lasse Schulz,18,Goalkeeper,Gr. Fürth U19,-,in,Summer,0,1 Bundesliga,2021,2021/2022
SpVgg Greuther Fürth,Mert-Yusuf Torlak,19,Attacking Midfield,Gr. Fürth II,-,in,Summer,0,1 Bundesliga,2021,2021/2022
SpVgg Greuther Fürth,Elias Kratzer,21,Right-Back,Gr. Fürth II,-,in,Summer,0,1 Bundesliga,2021,2021/2022
SpVgg Greuther Fürth,Alexander Lungwitz,21,Left-Back,FC Bayern II,"End of loanJun 30, 2021",in,Summer,0,1 Bundesliga,2021,2021/2022
SpVgg Greuther Fürth,Anton Stach,22,Defensive Midfield,1.FSV Mainz 05,£3.15m,out,Summer,3.15,1 Bundesliga,2021,2021/2022
SpVgg Greuther Fürth,David Raum,23,Left-Back,TSG Hoffenheim,free transfer,out,Summer,NA,1 Bundesliga,2021,2021/2022
SpVgg Greuther Fürth,Alexander Lungwitz,21,Left-Back,Würzb. Kickers,free transfer,out,Summer,NA,1 Bundesliga,2021,2021/2022
SpVgg Greuther Fürth,Marijan Cavar,23,Central Midfield,Siroki Brijeg,free transfer,out,Summer,NA,1 Bundesliga,2021,2021/2022
SpVgg Greuther Fürth,Mergim Mavraj,35,Centre-Back,Türkgücü Münch.,free transfer,out,Summer,NA,1 Bundesliga,2021,2021/2022
SpVgg Greuther Fürth,Paul Jaeckel,23,Centre-Back,Union Berlin,free transfer,out,Summer,NA,1 Bundesliga,2021,2021/2022
SpVgg Greuther Fürth,Sebastian Ernst,26,Attacking Midfield,Hannover 96,free transfer,out,Summer,NA,1 Bundesliga,2021,2021/2022
RB Leipzig,Caden Clark,18,Attacking Midfield,Red Bulls,"End of loanDec 31, 2021",in,Winter,0,1 Bundesliga,2021,2021/2022
Bayer 04 Leverkusen,Lennart Grill,22,Goalkeeper,Brann,"End of loanDec 31, 2021",in,Winter,0,1 Bundesliga,2021,2021/2022
TSG 1899 Hoffenheim,Lucas Ribeiro,22,Centre-Back,Internacional,"End of loanDec 31, 2021",in,Winter,0,1 Bundesliga,2021,2021/2022
TSG 1899 Hoffenheim,Bruno Nazário,26,Attacking Midfield,América-MG,"End of loanDec 31, 2021",in,Winter,0,1 Bundesliga,2021,2021/2022
1.FSV Mainz 05,Luca Kilian,22,Centre-Back,1. FC Köln,"End of loanJun 30, 2022",in,Winter,0,1 Bundesliga,2021,2021/2022
1. FC Köln,Luca Kilian,22,Centre-Back,1.FSV Mainz 05,"End of loanJun 30, 2022",out,Winter,0,1 Bundesliga,2021,2021/2022
